<?xml version="1.0" encoding="UTF-8"?>
<!--entries xml-->
<entries>
<entry id="1\9\2024"><date>2024-09-08</date><ob_number>1\9\2024</ob_number><customer>Software</customer><obentry>New entry to be made with some minor code changes.</obentry></entry><entry id="2\9\2024"><date>2024-09-08</date><ob_number>2\9\2024</ob_number><customer>Software 2</customer><obentry>Second Software entry with visible ob 1\9\2024</obentry></entry><entry id="3\9\2024"><date>2024-09-08</date><ob_number>3\9\2024</ob_number><customer>Software 3</customer><obentry>Third entry with visible date 2024/09/08 and ob 3/9/2024&#13;
</obentry></entry><entry id="4\9\2024"><date>2024-09-08</date><ob_number>4\9\2024</ob_number><customer>Software 4</customer><obentry>Fourth entry made into the system to check for redirects to main page after update. </obentry></entry><entry id="5\9\2024"><date>2024-09-08</date><ob_number>5\9\2024</ob_number><customer>Software 5</customer><obentry>Fifth entry testing xml load and changes to be shown in main page after a submit is made. </obentry></entry><entry id="6\9\2024"><date>2024-09-08</date><ob_number>6\9\2024</ob_number><customer>Software 6</customer><obentry>Software Update 6th entry had issues wiht php update due to forgotten reference in ajax after making changes to the file structures by adding folders. matter to be tested.</obentry></entry><entry id="7\9\2024"><date>2024-09-08</date><ob_number>7\9\2024</ob_number><customer>Software 7</customer><obentry>File changed from html to php to adderess login and management entry page to only be visible when logged in. </obentry></entry><entry id="7\9\2024"><date>2024-09-08</date><ob_number>7\9\2024</ob_number><customer>Software 7</customer><obentry>Software changed page to php from html to address login feature to be hidden and shown. </obentry></entry><entry id="8\9\2024"><date>2024-09-08</date><ob_number>8\9\2024</ob_number><customer>Software 8</customer><obentry>Had issue with php file saving and loading main entry html. trying again after cache and coockie clear. </obentry></entry><entry id="9\9\2024"><date>2024-09-13</date><ob_number>9\9\2024</ob_number><customer>test</customer><obentry>test 14/09</obentry></entry><entry id="10\9\2024"><date>2024-09-18</date><ob_number>10\9\2024</ob_number><customer>Software Test</customer><obentry>Testing that login works well and that mainentry did not break on new changes.</obentry></entry><entry id="10\9\2024"><date>2024-09-18</date><ob_number>10\9\2024</ob_number><customer>Software 2154 18 sep</customer><obentry>Testing that entries update and takes me to the right pages</obentry></entry><entry id="11\9\2024"><date>2024-09-19</date><ob_number>11\9\2024</ob_number><customer>Software Test 19/09/2024</customer><obentry>Test form functions and results </obentry></entry><entry id="12\9\2024"><date>2024-09-20</date><ob_number>12\9\2024</ob_number><customer>Testing OB Entri</customer><obentry>Are these workin? Display should persist if they do. Manual change made to check permissions.</obentry></entry><entry id="13\9\2024"><date>2024-09-22</date><ob_number>13\9\2024</ob_number><customer>Software</customer><obentry>Testing if XML still works after entries display changed. Permissions adjusted. </obentry></entry></entries>
